City_ID,City,Lat,Lng,Max Temp,Humidity,Cloudiness,Wind Speed,Country,Date
0,Cape Town,-33.9258,18.4232,55.11,93,100,5.99,ZA,2022-06-13 17:48:48
1,Rikitea,-23.1203,-134.9692,73.02,66,4,11.45,PF,2022-06-13 17:53:19
2,Klaksvik,62.2266,-6.589,50.92,96,100,11.18,FO,2022-06-13 17:53:20
3,New Norfolk,-42.7826,147.0587,42.3,87,69,3.09,AU,2022-06-13 17:49:02
4,Basak,6.7274,124.1512,71.04,91,94,3.83,PH,2022-06-13 17:53:20
5,Bethel,41.3712,-73.414,83.46,65,54,1.99,US,2022-06-13 17:53:21
6,Busselton,-33.65,115.3333,58.89,74,95,8.68,AU,2022-06-13 17:49:01
7,Svetlaya,46.5389,138.3297,48.7,85,0,3.29,RU,2022-06-13 17:53:21
8,Kidal,18.4411,1.4078,103.46,14,48,8.01,ML,2022-06-13 17:53:22
9,Dubbo,-32.25,148.6167,32.13,100,1,4.61,AU,2022-06-13 17:50:33
10,Khandagayty,50.7333,92.05,61.99,75,95,8.34,RU,2022-06-13 17:53:22
11,Albany,42.6001,-73.9662,81.57,52,61,1.01,US,2022-06-13 17:53:23
12,Butaritari,3.0707,172.7902,81.45,73,36,11.63,KI,2022-06-13 17:53:23
13,Port Elizabeth,-33.918,25.5701,64.31,58,100,4.61,ZA,2022-06-13 17:53:23
14,Okha,53.5739,142.9478,51.58,68,97,9.75,RU,2022-06-13 17:53:24
15,Airai,-8.9266,125.4092,57.69,93,86,3.27,TL,2022-06-13 17:53:24
16,Barrow,71.2906,-156.7887,30.22,86,20,17.27,US,2022-06-13 17:50:02
17,Bredasdorp,-34.5322,20.0403,57.43,76,100,4.27,ZA,2022-06-13 17:51:58
18,Karratha,-20.7377,116.8463,73.08,56,0,6.04,AU,2022-06-13 17:53:25
19,Los Llanos De Aridane,28.6585,-17.9182,69.55,78,75,7.0,ES,2022-06-13 17:53:25
20,Saskylakh,71.9167,114.0833,58.53,55,52,2.86,RU,2022-06-13 17:53:25
21,Pevek,69.7008,170.3133,34.2,78,54,1.97,RU,2022-06-13 17:53:26
22,Jamestown,42.097,-79.2353,80.53,10,34,6.2,US,2022-06-13 17:52:22
23,Jalu,29.0331,21.5482,85.06,31,3,14.0,LY,2022-06-13 17:53:26
24,Yekaterinogradskaya,43.7635,44.2317,68.49,69,100,5.59,RU,2022-06-13 17:53:27
25,Port Blair,11.6667,92.75,80.64,94,40,1.14,IN,2022-06-13 17:53:27
26,Ushuaia,-54.8,-68.3,42.46,100,75,18.41,AR,2022-06-13 17:49:13
27,Puquio,-14.7,-74.1333,61.81,25,45,10.76,PE,2022-06-13 17:53:28
28,Zhob,31.3411,69.4481,75.94,41,19,7.76,PK,2022-06-13 17:53:28
29,Hithadhoo,-0.6,73.0833,83.3,73,46,6.15,MV,2022-06-13 17:53:29
30,Mataura,-46.1927,168.8643,43.48,95,99,13.42,NZ,2022-06-13 17:49:02
31,Chuy,-33.6971,-53.4616,60.76,66,6,4.88,UY,2022-06-13 17:53:29
32,Avera,33.194,-82.5271,96.55,33,18,7.18,US,2022-06-13 17:53:30
33,Tasiilaq,65.6145,-37.6368,37.29,96,100,13.89,GL,2022-06-13 17:53:30
34,Sao Paulo De Olivenca,-3.3783,-68.8725,75.52,75,100,2.66,BR,2022-06-13 17:53:31
35,Sandwick,60.0,-1.25,51.62,100,75,18.41,GB,2022-06-13 17:53:31
36,Upernavik,72.7868,-56.1549,31.53,80,98,6.24,GL,2022-06-13 17:53:32
37,Cabo San Lucas,22.8909,-109.9124,90.61,60,17,10.94,MX,2022-06-13 17:52:54
38,College,64.8569,-147.8028,63.21,63,75,4.61,US,2022-06-13 17:53:32
39,Ucluelet,48.9329,-125.5528,56.08,84,43,3.0,CA,2022-06-13 17:53:33
40,Torbay,47.6666,-52.7314,58.87,78,75,10.36,CA,2022-06-13 17:53:33
41,Yinchuan,38.4681,106.2731,73.26,17,0,6.55,CN,2022-06-13 17:51:18
42,Luderitz,-26.6481,15.1594,59.02,90,80,12.88,NA,2022-06-13 17:53:34
43,Provideniya,64.3833,-173.3,36.84,82,98,2.53,RU,2022-06-13 17:53:34
44,Tuktoyaktuk,69.4541,-133.0374,33.8,100,100,9.22,CA,2022-06-13 17:53:32
45,Kapaa,22.0752,-159.319,78.12,84,20,14.97,US,2022-06-13 17:50:37
46,Chisinau,47.0056,28.8575,82.83,39,0,6.91,MD,2022-06-13 17:54:35
47,Banepa,27.6298,85.5214,70.12,94,75,4.61,NP,2022-06-13 17:54:35
48,Vaini,-21.2,-175.2,73.56,100,20,4.61,TO,2022-06-13 17:54:36
49,Alofi,-19.0595,-169.9187,73.29,94,75,2.3,NU,2022-06-13 17:54:36
50,Potosi,-19.5836,-65.7531,52.66,28,0,6.91,BO,2022-06-13 17:54:37
51,Dunedin,-45.8742,170.5036,50.81,50,38,7.0,NZ,2022-06-13 17:54:37
52,Kahului,20.8947,-156.47,79.84,80,9,11.01,US,2022-06-13 17:54:37
53,Lagoa,39.05,-27.9833,63.12,76,13,11.5,PT,2022-06-13 17:54:38
54,Baijiantan,45.6333,85.1833,87.31,31,26,13.53,CN,2022-06-13 17:54:38
55,Cidreira,-30.1811,-50.2056,60.35,72,57,7.94,BR,2022-06-13 17:54:38
56,Georgetown,5.4112,100.3354,82.33,93,20,3.44,MY,2022-06-13 17:54:39
57,Kandrian,-6.2167,149.55,75.85,90,29,3.96,PG,2022-06-13 17:54:39
58,Hobart,-42.8794,147.3294,42.66,89,66,8.05,AU,2022-06-13 17:54:40
59,Husavik,66.0449,-17.3389,54.16,71,99,8.5,IS,2022-06-13 17:54:40
60,Oktyabrskoye,43.0645,44.7417,62.74,88,99,6.71,RU,2022-06-13 17:54:40
61,Agirish,61.9247,63.0231,49.64,73,98,2.98,RU,2022-06-13 17:54:41
62,Verkhnyaya Inta,65.9811,60.3094,51.17,46,3,4.68,RU,2022-06-13 17:54:41
63,Puerto Ayora,-0.7393,-90.3518,80.56,86,68,5.99,EC,2022-06-13 17:54:42
64,Chenzhou,25.8,113.0333,68.54,99,100,0.63,CN,2022-06-13 17:54:42
65,French Harbor,16.35,-86.4333,82.4,90,75,20.71,HN,2022-06-13 17:54:42
66,Hermanus,-34.4187,19.2345,52.81,89,100,10.27,ZA,2022-06-13 17:54:43
67,Krishnarajasagara,12.4089,76.5797,72.37,81,61,11.36,IN,2022-06-13 17:54:43
68,Berbera,10.4396,45.0143,94.23,39,74,5.32,SO,2022-06-13 17:54:43
69,Punta Arenas,-53.15,-70.9167,46.51,81,0,14.97,CL,2022-06-13 17:54:44
70,Kondinskoye,59.6481,67.41,49.62,95,100,8.48,RU,2022-06-13 17:54:44
71,Victoria,22.2855,114.1577,84.38,87,100,11.01,HK,2022-06-13 17:53:04
72,San Patricio,28.017,-97.5169,91.49,37,81,19.91,US,2022-06-13 17:54:45
73,Tete,-16.1564,33.5867,69.06,62,39,3.44,MZ,2022-06-13 17:54:45
74,Henties Bay,-22.116,14.2845,60.51,83,0,3.49,NA,2022-06-13 17:54:46
75,Doha,25.2867,51.5333,91.71,72,0,5.75,QA,2022-06-13 17:54:00
76,Esperance,-33.8667,121.9,59.29,78,83,22.95,AU,2022-06-13 17:52:02
77,Halifax,44.6453,-63.5724,66.69,90,100,6.91,CA,2022-06-13 17:52:29
78,Mar Del Plata,-38.0023,-57.5575,64.94,47,0,14.97,AR,2022-06-13 17:54:24
79,Port Alfred,-33.5906,26.891,70.18,49,100,13.6,ZA,2022-06-13 17:54:46
80,Malakal,9.5334,31.6605,85.93,47,85,4.94,SS,2022-06-13 17:54:47
81,Valdivia,-39.8142,-73.2459,46.49,99,100,2.3,CL,2022-06-13 17:54:47
82,Flinders,-34.5833,150.8552,46.06,80,0,1.99,AU,2022-06-13 17:54:48
83,Miri,4.4148,114.0089,75.34,100,40,3.44,MY,2022-06-13 17:54:48
84,Burns Lake,54.2331,-125.7533,53.02,39,12,4.54,CA,2022-06-13 17:54:49
85,Ketchikan,55.3422,-131.6461,53.08,78,100,4.16,US,2022-06-13 17:54:49
86,Longyearbyen,78.2186,15.6401,40.84,65,75,5.75,SJ,2022-06-13 17:54:49
87,Yellowknife,62.456,-114.3525,63.12,63,40,9.22,CA,2022-06-13 17:54:50
88,Lukiv,51.0521,25.4006,63.18,86,73,11.3,UA,2022-06-13 17:54:50
89,Ahipara,-35.1667,173.1667,57.65,70,49,16.06,NZ,2022-06-13 17:54:51
90,Khani,41.9563,42.9566,65.77,98,98,2.08,GE,2022-06-13 17:54:51
91,Bubaque,11.2833,-15.8333,80.24,82,27,13.65,GW,2022-06-13 17:54:51
92,Herat,34.5,62.0,81.36,19,0,6.96,AF,2022-06-13 17:55:52
93,Frankfort,-27.2667,28.4833,49.84,42,40,3.58,ZA,2022-06-13 17:55:22
94,Villa Carlos Paz,-31.4241,-64.4978,70.88,19,19,18.01,AR,2022-06-13 17:55:52
95,Palmas Bellas,9.2319,-80.0867,82.94,77,100,9.64,PA,2022-06-13 17:55:53
96,Hammerfest,70.6634,23.6821,45.05,76,75,9.22,NO,2022-06-13 17:55:53
97,Faanui,-16.4833,-151.75,79.65,66,4,18.88,PF,2022-06-13 17:55:53
98,Hilo,19.7297,-155.09,84.27,86,65,4.68,US,2022-06-13 17:55:54
99,Kushiro,42.975,144.3747,45.97,87,81,3.94,JP,2022-06-13 17:55:54
100,San Quintin,30.4833,-115.95,70.25,72,23,16.28,MX,2022-06-13 17:55:54
101,Rawson,-43.3002,-65.1023,62.19,23,100,7.38,AR,2022-06-13 17:55:55
102,Yaan,7.3833,8.5667,79.7,76,46,5.3,NG,2022-06-13 17:55:55
103,Nanortalik,60.1432,-45.2371,38.46,75,7,31.94,GL,2022-06-13 17:55:56
104,Iqaluit,63.7506,-68.5145,44.33,75,75,5.75,CA,2022-06-13 17:55:56
105,Gashua,12.871,11.0482,96.15,30,46,12.37,NG,2022-06-13 17:55:56
106,Alice Springs,-23.7,133.8833,38.75,81,5,0.0,AU,2022-06-13 17:55:57
107,Riberalta,-10.9833,-66.1,79.0,38,51,11.5,BO,2022-06-13 17:55:57
108,Disna,55.568,28.1971,61.45,71,100,2.73,BY,2022-06-13 17:55:58
109,Hambantota,6.1241,81.1185,80.1,82,46,16.42,LK,2022-06-13 17:55:58
110,Akhmeta,42.0311,45.2075,68.52,90,96,4.94,GE,2022-06-13 17:55:58
111,Ondangwa,-17.9167,15.95,60.8,33,1,1.14,NA,2022-06-13 17:55:59
112,Atuona,-9.8,-139.0333,77.94,66,54,19.57,PF,2022-06-13 17:55:59
113,Saint-Denis,48.9167,2.3333,75.15,43,20,11.5,FR,2022-06-13 17:51:57
114,Tuatapere,-46.1333,167.6833,43.83,84,100,20.98,NZ,2022-06-13 17:52:09
115,Riyadh,24.6877,46.7219,98.74,9,0,10.09,SA,2022-06-13 17:51:53
116,Arraial Do Cabo,-22.9661,-42.0278,71.56,60,20,24.16,BR,2022-06-13 17:56:00
117,Rio Grande,-32.035,-52.0986,64.51,73,78,2.75,BR,2022-06-13 17:56:00
118,Santa Lucia,27.9117,-15.5407,65.77,73,20,26.46,ES,2022-06-13 17:51:37
119,Jalalpur,32.6374,74.2183,94.87,28,17,4.61,PK,2022-06-13 17:54:09
120,Flin Flon,54.7682,-101.865,64.24,63,75,8.05,CA,2022-06-13 17:56:01
121,Mogadishu,2.0371,45.3438,79.3,81,97,18.88,SO,2022-06-13 17:55:07
122,Lompoc,34.6391,-120.4579,77.68,69,20,20.0,US,2022-06-13 17:56:01
123,Friedrichshafen,47.65,9.4833,73.54,43,20,4.61,DE,2022-06-13 17:56:02
124,Fortuna,40.5982,-124.1573,60.1,64,20,16.11,US,2022-06-13 17:56:02
125,Nikolskoye,59.7035,30.7861,62.49,76,65,3.15,RU,2022-06-13 17:56:03
126,Komsomolskiy,40.4272,71.7189,74.12,38,79,4.61,UZ,2022-06-13 17:56:03
127,Sao Filipe,14.8961,-24.4956,74.39,75,3,6.55,CV,2022-06-13 17:55:29
128,Carnarvon,-24.8667,113.6333,66.13,59,0,13.51,AU,2022-06-13 17:56:03
129,Fallon,39.4735,-118.7774,62.92,35,2,6.2,US,2022-06-13 17:56:04
130,Norman Wells,65.282,-126.8329,46.44,81,100,12.66,CA,2022-06-13 17:56:04
131,Namibe,-15.1961,12.1522,68.63,88,0,20.71,AO,2022-06-13 17:56:05
132,Padang,-0.9492,100.3543,75.45,87,100,6.73,ID,2022-06-13 17:56:05
133,Amga,60.8953,131.9608,46.08,96,44,3.47,RU,2022-06-13 17:56:05
134,Naze,28.3667,129.4833,74.32,86,94,21.41,JP,2022-06-13 17:56:06
135,Lebu,-37.6167,-73.65,54.66,77,100,8.21,CL,2022-06-13 17:56:06
136,Qaanaaq,77.484,-69.3632,30.9,60,1,2.46,GL,2022-06-13 17:56:07
137,Marinette,45.1,-87.6307,64.45,77,98,8.63,US,2022-06-13 17:56:07
138,Damaturu,11.747,11.9608,91.42,37,93,4.63,NG,2022-06-13 17:56:08
139,Bluff,-46.6,168.3333,43.81,74,100,36.6,NZ,2022-06-13 17:56:08
140,Mahebourg,-20.4081,57.7,73.26,73,40,13.8,MU,2022-06-13 17:56:08
141,Manggar,-2.8833,108.2667,80.6,77,78,3.38,ID,2022-06-13 17:57:09
142,Virginia Beach,36.8529,-75.978,97.02,61,40,10.36,US,2022-06-13 17:52:42
143,Saint-Augustin,51.226,-58.6502,64.06,54,90,8.43,CA,2022-06-13 17:57:09
144,Sitka,57.0531,-135.33,51.69,82,100,3.44,US,2022-06-13 17:57:10
145,Erzincan,39.75,39.5,62.11,72,66,2.93,TR,2022-06-13 17:57:10
146,Vardo,70.3705,31.1107,46.38,81,75,13.8,NO,2022-06-13 17:57:11
147,Saint George,37.1041,-113.5841,89.8,23,0,17.27,US,2022-06-13 17:53:03
148,Te Anau,-45.4167,167.7167,42.51,88,98,13.49,NZ,2022-06-13 17:57:11
149,San Isidro,-12.1167,-77.05,69.01,70,100,6.91,PE,2022-06-13 17:57:11
150,Launceston,-41.45,147.1667,32.14,93,37,0.0,AU,2022-06-13 17:57:12
151,Dakar,14.6937,-17.4441,83.28,69,75,6.91,SN,2022-06-13 17:53:56
152,Bocas Del Toro,9.3333,-82.25,81.55,76,87,9.42,PA,2022-06-13 17:57:12
153,East London,-33.0153,27.9116,72.54,37,0,5.75,ZA,2022-06-13 17:57:13
154,Atbasar,51.8,68.3333,57.7,77,83,5.08,KZ,2022-06-13 17:57:13
155,Prince Rupert,54.3161,-130.3201,51.89,85,100,4.61,CA,2022-06-13 17:56:54
156,Sisimiut,66.9395,-53.6735,36.0,66,44,18.48,GL,2022-06-13 17:57:14
157,Taloqan,36.7361,69.5345,79.92,34,4,4.92,AF,2022-06-13 17:57:14
158,Grand Baie,-20.0182,57.5802,73.45,66,50,8.01,MU,2022-06-13 17:57:14
159,Tiznit,29.5833,-9.5,81.01,51,8,7.78,MA,2022-06-13 17:57:15
160,Price,39.5994,-110.8107,80.11,27,3,18.5,US,2022-06-13 17:57:15
161,Sibolga,1.7427,98.7792,74.93,94,100,3.78,ID,2022-06-13 17:57:16
162,Severo-Kurilsk,50.6789,156.125,42.98,94,89,12.53,RU,2022-06-13 17:57:16
163,Thinadhoo,0.5333,72.9333,83.79,71,87,6.73,MV,2022-06-13 17:57:16
164,Zhangye,38.9342,100.4517,71.08,11,0,8.01,CN,2022-06-13 17:57:17
165,Vyartsilya,62.1764,30.693,57.87,77,77,4.81,RU,2022-06-13 17:57:17
166,Katsuura,35.1333,140.3,64.62,76,100,14.0,JP,2022-06-13 17:57:17
167,Lumberton,34.6182,-79.0086,96.37,39,28,6.46,US,2022-06-13 17:57:18
168,Bathsheba,13.2167,-59.5167,88.41,70,75,17.27,BB,2022-06-13 17:57:18
169,Tupiza,-21.45,-65.7167,58.77,4,0,3.85,BO,2022-06-13 17:57:19
170,Touros,-5.1989,-35.4608,82.78,65,19,14.41,BR,2022-06-13 17:56:10
171,Sterling,39.0062,-77.4286,93.13,59,0,8.01,US,2022-06-13 17:53:45
172,Sabha,27.0377,14.4283,87.44,22,0,6.4,LY,2022-06-13 17:57:19
173,Maragogi,-9.0122,-35.2225,79.63,74,5,6.26,BR,2022-06-13 17:57:20
174,Lorengau,-2.0226,147.2712,83.14,71,81,11.72,PG,2022-06-13 17:57:20
175,Souillac,-20.5167,57.5167,71.98,73,40,13.8,MU,2022-06-13 17:57:20
176,Tiksi,71.6872,128.8694,44.24,69,100,1.86,RU,2022-06-13 17:57:22
177,Bambous Virieux,-20.3428,57.7575,73.22,73,40,13.8,MU,2022-06-13 17:57:22
178,Dikson,73.5069,80.5464,29.93,86,100,13.44,RU,2022-06-13 17:57:22
179,Teahupoo,-17.8333,-149.2667,69.76,70,78,20.07,PF,2022-06-13 17:57:23
180,Fairbanks,64.8378,-147.7164,63.23,58,75,4.61,US,2022-06-13 17:56:50
181,Hofn,64.2539,-15.2082,50.02,93,100,5.75,IS,2022-06-13 17:57:23
182,Varna,43.2167,27.9167,73.54,68,61,9.22,BG,2022-06-13 17:57:24
183,Rancho Palos Verdes,33.7445,-118.387,75.97,92,75,5.99,US,2022-06-13 17:55:34
184,Marigot,18.0667,-63.0833,89.38,56,20,18.41,MF,2022-06-13 17:57:24
185,Acapulco,16.8634,-99.8901,83.77,69,99,10.07,MX,2022-06-13 17:57:24
186,Shimoda,34.6667,138.95,61.11,82,100,16.53,JP,2022-06-13 17:57:25
187,Yulara,-25.2406,130.9889,54.45,43,1,5.84,AU,2022-06-13 17:58:25
188,Dingzhou,38.5131,114.9956,68.11,73,99,4.83,CN,2022-06-13 17:58:26
189,Sorland,67.667,12.6934,49.86,94,100,19.95,NO,2022-06-13 17:58:26
190,Xuddur,4.1213,43.8894,78.75,58,74,17.34,SO,2022-06-13 17:58:26
191,Margate,51.3813,1.3862,66.87,55,32,5.01,GB,2022-06-13 17:58:27
192,Troitsko-Pechorsk,62.7084,56.1964,51.67,42,4,2.8,RU,2022-06-13 17:58:27
193,Mananjary,-21.2167,48.3333,67.95,82,48,5.55,MG,2022-06-13 17:58:28
194,Altamira,-3.2033,-52.2064,84.2,73,55,1.86,BR,2022-06-13 17:58:28
195,Guerrero Negro,27.9769,-114.0611,70.68,64,53,15.01,MX,2022-06-13 17:58:29
196,Kushmurun,52.4503,64.6311,59.56,70,79,12.41,KZ,2022-06-13 17:58:29
197,Kyshtovka,56.555,76.6271,54.28,95,73,5.55,RU,2022-06-13 17:58:29
198,Ilulissat,69.2167,-51.1,33.71,73,96,10.69,GL,2022-06-13 17:58:30
199,Maniwaki,46.3834,-75.966,62.98,63,86,8.05,CA,2022-06-13 17:58:30
200,Orbetello,42.4408,11.2196,75.4,59,25,5.55,IT,2022-06-13 17:58:30
201,Ribeira Grande,38.5167,-28.7,68.4,68,20,16.11,PT,2022-06-13 17:58:31
202,Altay,47.8667,88.1167,72.88,35,93,4.68,CN,2022-06-13 17:58:31
203,Nouakchott,18.0858,-15.9785,76.93,83,37,15.9,MR,2022-06-13 17:58:32
204,Mpanda,-6.3655,31.0409,68.65,60,59,2.95,TZ,2022-06-13 17:58:32
205,Carballo,43.213,-8.691,83.62,74,24,5.82,ES,2022-06-13 17:58:32
206,Beja,36.7256,9.1817,81.46,26,0,6.26,TN,2022-06-13 17:58:33
207,Stokmarknes,68.5646,14.9108,53.58,82,75,3.44,NO,2022-06-13 17:58:33
208,Dalbandin,28.8947,64.4101,87.73,27,34,4.12,PK,2022-06-13 17:58:33
209,Sao Joao Da Barra,-21.6403,-41.0511,77.09,53,100,14.05,BR,2022-06-13 17:58:34
210,Makakilo City,21.3469,-158.0858,79.2,70,75,4.61,US,2022-06-13 17:58:20
211,Artesia,33.8658,-118.0831,77.07,82,100,5.99,US,2022-06-13 17:58:34
212,Aksu,41.1231,80.2644,83.14,11,23,8.14,CN,2022-06-13 17:58:35
213,Det Udom,14.906,105.0784,82.22,78,76,5.41,TH,2022-06-13 17:58:35
214,Tramandai,-29.9847,-50.1336,61.29,72,56,8.81,BR,2022-06-13 17:56:09
215,Port Moresby,-9.4431,147.1797,74.62,94,75,3.44,PG,2022-06-13 17:58:36
216,Maningrida,-12.0667,134.2667,65.28,82,97,10.27,AU,2022-06-13 17:58:36
217,Zhigalovo,54.8097,105.1578,60.37,93,99,1.5,RU,2022-06-13 17:58:37
218,Pisco,-13.7,-76.2167,60.85,88,100,5.75,PE,2022-06-13 17:58:37
219,Nemuro,43.3236,145.575,46.44,87,69,8.28,JP,2022-06-13 17:58:37
220,Chokurdakh,70.6333,147.9167,60.91,33,0,8.66,RU,2022-06-13 17:55:31
221,Dunajska Streda,47.9927,17.6121,72.01,80,45,13.62,SK,2022-06-13 17:58:38
222,Toora-Khem,52.4675,96.11,57.22,92,100,1.23,RU,2022-06-13 17:58:38
223,Bagamoyo,-6.4333,38.9,78.78,77,29,7.7,TZ,2022-06-13 17:58:39
224,Obo,5.3998,26.4869,67.21,96,91,2.75,CF,2022-06-13 17:58:39
225,Ikalamavony,-21.15,46.5833,57.85,85,57,6.46,MG,2022-06-13 17:58:39
226,Castro,-24.7911,-50.0119,59.7,52,0,4.45,BR,2022-06-13 17:58:40
227,Ternate,0.8,127.4,80.26,78,65,3.36,ID,2022-06-13 17:58:40
228,Tambovka,50.0969,128.0489,59.74,94,100,7.31,RU,2022-06-13 17:58:41
229,Kavieng,-2.5744,150.7967,81.73,73,32,13.2,PG,2022-06-13 17:58:41
230,Berlevag,70.8578,29.0864,44.55,81,100,14.97,NO,2022-06-13 17:58:42
231,Davila,18.4726,120.5763,82.83,77,100,5.59,PH,2022-06-13 17:58:42
232,Ankpa,7.3706,7.6253,76.95,85,69,5.17,NG,2022-06-13 17:59:42
233,Kholmogory,64.2229,41.656,55.99,89,84,1.81,RU,2022-06-13 17:59:43
234,Thompson,55.7435,-97.8558,73.56,38,20,10.36,CA,2022-06-13 17:59:43
235,Coahuayana,18.7333,-103.6833,92.19,46,80,6.64,MX,2022-06-13 17:59:44
236,Veraval,20.9,70.3667,83.32,79,21,9.66,IN,2022-06-13 17:59:44
237,Nata,8.3333,-80.5167,85.87,75,100,1.88,PA,2022-06-13 17:59:44
238,Dudinka,69.4058,86.1778,56.35,63,90,14.47,RU,2022-06-13 17:59:45
239,Tolmezzo,46.4075,13.0175,74.43,83,37,2.42,IT,2022-06-13 17:59:45
240,Benito Juarez,19.385,-99.165,73.83,37,75,11.5,MX,2022-06-13 17:55:02
241,Anadyr,64.75,177.4833,43.3,56,0,11.18,RU,2022-06-13 17:59:46
242,Dalby,-27.1833,151.2667,51.53,80,75,2.13,AU,2022-06-13 17:59:46
243,Hamilton,39.1834,-84.5333,91.9,77,32,1.99,US,2022-06-13 17:59:46
244,Macia,-25.0269,33.0989,62.78,63,0,6.33,MZ,2022-06-13 17:59:47
245,Aswan,24.0934,32.907,105.1,11,0,8.05,EG,2022-06-13 17:59:47
246,Alamosa,37.4695,-105.87,79.7,12,0,23.96,US,2022-06-13 17:55:21
247,Haines Junction,60.7522,-137.5108,46.35,87,100,1.14,CA,2022-06-13 17:59:48
248,Blyth,55.1271,-1.5086,59.79,70,75,13.8,GB,2022-06-13 17:59:48
249,Liverpool,53.4106,-2.9779,61.29,61,40,11.5,GB,2022-06-13 17:59:39
250,Lasa,46.6166,10.7002,70.7,64,51,5.97,IT,2022-06-13 17:59:49
251,Eureka,40.8021,-124.1637,62.13,67,12,10.0,US,2022-06-13 17:57:09
252,Salym,60.0625,71.4789,49.19,94,100,5.5,RU,2022-06-13 17:59:49
253,Iberia,29.9502,-91.7507,94.96,52,6,11.25,US,2022-06-13 17:59:50
254,Calbuco,-41.768,-73.1273,49.21,88,100,16.71,CL,2022-06-13 17:59:50
255,Faya,18.3851,42.4509,77.11,45,17,4.09,SA,2022-06-13 17:59:50
256,Narsaq,60.9167,-46.05,47.8,43,3,4.09,GL,2022-06-13 17:59:51
257,Talnakh,69.4865,88.3972,59.92,63,76,3.51,RU,2022-06-13 17:59:51
258,Takikawa,43.5528,141.9064,50.29,98,33,3.83,JP,2022-06-13 17:59:51
259,Olafsvik,64.8945,-23.7142,49.91,95,100,17.63,IS,2022-06-13 17:59:52
260,Kjollefjord,70.9457,27.3465,42.85,86,97,12.71,NO,2022-06-13 17:59:52
261,Smirnykh,49.75,142.8333,47.19,98,96,3.0,RU,2022-06-13 17:59:53
262,Kudat,6.8837,116.8477,77.29,100,40,0.0,MY,2022-06-13 17:59:53
263,Nioro,13.35,-15.75,96.6,35,52,6.29,GM,2022-06-13 17:59:53
264,Qunduz,36.729,68.857,85.71,28,0,4.54,AF,2022-06-13 17:59:54
265,Waingapu,-9.6567,120.2641,74.64,81,85,8.79,ID,2022-06-13 17:59:54
266,Kodiak,57.79,-152.4072,49.33,78,97,10.4,US,2022-06-13 17:59:55
267,Nabire,-3.3667,135.4833,74.95,93,84,3.69,ID,2022-06-13 17:59:55
268,Ulaangom,49.9811,92.0667,66.6,65,97,3.0,MN,2022-06-13 17:59:55
269,Ndele,8.4109,20.6473,73.47,83,98,3.91,CF,2022-06-13 17:59:56
270,Wanaka,-44.7,169.15,38.75,93,46,8.79,NZ,2022-06-13 17:59:56
271,Roma,43.2128,-75.4557,74.73,57,37,8.01,US,2022-06-13 17:59:39
272,Chimichagua,9.2578,-73.8123,93.61,45,37,2.59,CO,2022-06-13 17:59:57
273,Cayenne,4.9333,-52.3333,87.84,10,75,11.5,GF,2022-06-13 17:59:57
274,Lixourion,38.2019,20.4314,75.09,75,30,5.46,GR,2022-06-13 17:59:58
275,Starobaltachevo,56.0013,55.9213,51.96,82,2,5.59,RU,2022-06-13 17:59:59
276,Dicabisagan,17.0818,122.4157,80.13,86,100,8.19,PH,2022-06-13 17:59:59
277,Cururupu,-1.8283,-44.8683,85.82,60,26,6.13,BR,2022-06-13 17:59:07
278,Banyumas,-7.5142,109.2942,75.69,94,100,1.03,ID,2022-06-13 18:00:00
279,Linfen,36.0889,111.5189,74.43,32,3,2.26,CN,2022-06-13 18:00:01
280,Mehamn,71.0357,27.8492,44.51,87,96,14.9,NO,2022-06-13 18:00:02
281,Coihaique,-45.5752,-72.0662,45.61,95,72,4.54,CL,2022-06-13 18:01:03
282,Matara,5.9485,80.5353,79.27,87,39,11.32,LK,2022-06-13 18:01:04
283,Gizo,-8.103,156.8419,81.27,72,87,5.61,SB,2022-06-13 18:01:04
284,Amberley,39.2048,-84.428,91.53,76,75,4.0,US,2022-06-13 18:01:04
285,Kantabanji,20.4833,82.9167,82.65,67,32,4.12,IN,2022-06-13 18:01:05
286,Deputatskiy,69.3,139.9,51.39,58,62,5.08,RU,2022-06-13 18:01:05
287,Khatanga,71.9667,102.5,60.53,48,95,7.0,RU,2022-06-13 18:01:06
288,Yuci,37.6803,112.7319,56.95,77,0,2.24,CN,2022-06-13 18:01:06
289,Karanja,20.4833,77.4833,86.77,55,14,7.78,IN,2022-06-13 18:01:07
290,Garca,-22.2106,-49.6561,68.02,25,74,7.61,BR,2022-06-13 18:01:07
291,Rantepao,-2.9701,119.8978,65.3,98,87,2.21,ID,2022-06-13 18:01:08
292,Chabahar,25.2919,60.643,84.4,79,2,7.67,IR,2022-06-13 18:01:08
293,Dunda,-8.1167,34.25,64.36,53,54,3.8,TZ,2022-06-13 18:01:08
294,Mirnyy,62.5353,113.9611,50.97,59,7,3.94,RU,2022-06-13 18:01:09
295,Mount Gambier,-37.8333,140.7667,43.29,85,87,7.0,AU,2022-06-13 18:01:09
296,Misratah,32.3754,15.0925,73.98,75,0,13.04,LY,2022-06-13 18:01:10
297,Salinopolis,-0.6136,-47.3561,84.22,67,5,10.6,BR,2022-06-13 18:01:10
298,Warwick,41.7001,-71.4162,87.73,54,79,4.0,US,2022-06-13 17:57:10
299,Nsoko,-27.0333,31.95,61.57,48,0,5.41,SZ,2022-06-13 18:01:10
300,Ponta Do Sol,32.6667,-17.1,72.12,67,32,4.63,PT,2022-06-13 18:01:11
301,San Jacinto,33.7839,-116.9586,91.98,61,1,5.01,US,2022-06-13 18:01:11
302,Constitucion,-35.3333,-72.4167,53.76,76,100,3.38,CL,2022-06-13 18:00:07
303,Chingirlau,51.095,54.0814,61.29,64,98,6.49,KZ,2022-06-13 18:01:12
304,Moose Factory,51.2585,-80.6094,70.68,44,4,11.16,CA,2022-06-13 18:01:12
305,Aksarka,66.5606,67.7975,42.91,74,100,19.13,RU,2022-06-13 18:01:13
306,Pasighat,28.0667,95.3333,74.68,96,97,2.51,IN,2022-06-13 18:01:13
307,Dargaville,-35.9333,173.8833,57.24,59,60,15.82,NZ,2022-06-13 18:01:14
308,Verkhoyansk,67.5447,133.385,54.81,68,100,4.9,RU,2022-06-13 18:01:14
309,Saint-Philippe,-21.3585,55.7679,67.59,75,56,14.94,RE,2022-06-13 18:01:15
310,Amahai,-3.3333,128.9167,77.85,87,95,3.98,ID,2022-06-13 18:01:15
311,Diphu,25.8333,93.4333,74.32,99,97,0.58,IN,2022-06-13 18:01:15
312,Olimpia,-20.7372,-48.9147,75.34,19,96,5.7,BR,2022-06-13 18:01:16
313,Cabral,18.25,-71.2167,92.16,42,100,10.38,DO,2022-06-13 18:01:16
314,Vanimo,-2.6741,141.3028,76.77,89,16,6.6,PG,2022-06-13 18:01:17
315,Jos,9.9167,8.9,75.07,65,49,3.74,NG,2022-06-13 18:01:17
316,Bandarbeyla,9.4942,50.8122,78.62,82,75,29.48,SO,2022-06-13 18:01:18
317,Coquimbo,-29.9533,-71.3436,57.24,72,92,4.94,CL,2022-06-13 18:01:18
318,Itarema,-2.9248,-39.9167,83.26,72,21,13.04,BR,2022-06-13 18:01:19
319,Cherskiy,68.75,161.3,58.28,36,29,3.0,RU,2022-06-13 18:01:19
320,Potiskum,11.7091,11.0694,91.54,38,97,6.44,NG,2022-06-13 18:01:19
321,Opuwo,-18.0607,13.84,63.18,37,0,8.21,NA,2022-06-13 18:01:20
322,Havelock,34.8791,-76.9013,92.98,79,13,5.99,US,2022-06-13 18:01:20
323,Jiuquan,39.7432,98.5174,65.19,12,0,2.64,CN,2022-06-13 18:01:21
324,Las Palmas,28.4204,-14.0131,75.99,61,20,18.41,ES,2022-06-13 18:01:22
325,Peterongan,-7.5394,112.2792,74.82,91,100,3.31,ID,2022-06-13 18:01:22
326,Boysun,38.2061,67.1986,73.69,28,3,6.13,UZ,2022-06-13 18:02:22
327,Sofiyivka,48.0493,33.8746,69.58,71,35,3.98,UA,2022-06-13 18:02:23
328,Zemetchino,53.4973,42.6163,62.47,74,63,5.93,RU,2022-06-13 18:02:23
329,Avarua,-21.2078,-159.775,68.05,94,20,1.14,CK,2022-06-13 18:02:23
330,Evensk,61.95,159.2333,42.76,82,17,2.13,RU,2022-06-13 18:02:24
331,Xinzhou,38.4092,112.7333,58.91,62,19,0.51,CN,2022-06-13 18:02:24
332,Itaituba,-4.2761,-55.9836,80.67,89,64,2.13,BR,2022-06-13 18:02:25
333,Port Macquarie,-31.4333,152.9167,41.9,87,6,3.89,AU,2022-06-13 18:02:25
334,Warrington,53.3925,-2.5802,61.86,63,40,10.36,GB,2022-06-13 18:02:26
335,Gazojak,41.1875,61.4036,86.47,13,42,5.48,TM,2022-06-13 18:02:26
336,Yar-Sale,66.8333,70.8333,44.91,80,90,19.37,RU,2022-06-13 18:02:26
337,Namatanai,-3.6667,152.4333,78.17,78,17,8.23,PG,2022-06-13 18:02:27
338,Sayat,38.7839,63.8803,88.9,13,0,8.46,TM,2022-06-13 18:02:27
339,Kieta,-6.2167,155.6333,77.97,84,42,5.95,PG,2022-06-13 18:02:27
340,Bernalillo,35.05,-106.6673,96.67,14,40,23.02,US,2022-06-13 18:02:28
341,Samarai,-10.6167,150.6667,81.59,75,75,12.86,PG,2022-06-13 18:02:28
342,Elizabeth City,36.2946,-76.2511,96.06,74,5,3.0,US,2022-06-13 18:02:29
343,Teacapan,22.55,-105.75,87.17,54,3,10.2,MX,2022-06-13 18:02:29
344,Kaitangata,-46.2817,169.8464,42.31,92,84,17.65,NZ,2022-06-13 18:02:29
345,Ulaanbaatar,47.9077,106.8832,58.59,48,76,4.52,MN,2022-06-13 18:02:30
346,Kerema,-7.9631,145.7785,78.12,87,98,2.73,PG,2022-06-13 18:02:30
347,Blairmore,49.6,-114.4353,40.87,97,100,5.44,CA,2022-06-13 18:02:30
348,Aguimes,27.9054,-15.4461,70.66,73,20,26.46,ES,2022-06-13 18:02:31
349,Polis,35.0367,32.4264,73.22,82,30,8.19,CY,2022-06-13 18:02:31
350,Claremont,34.0967,-117.7198,82.0,65,75,8.05,US,2022-06-13 18:00:59
351,Owando,-0.4819,15.8999,76.98,77,90,2.91,CG,2022-06-13 18:02:32
352,Sitangkai,4.6628,119.3928,83.46,73,91,7.34,PH,2022-06-13 18:02:32
353,Kuytun,54.3419,101.5036,62.13,82,100,2.53,RU,2022-06-13 18:02:33
354,Kruisfontein,-34.0033,24.7314,60.89,41,100,2.86,ZA,2022-06-13 18:00:09
355,Boa Vista,2.8197,-60.6733,83.1,68,72,2.82,BR,2022-06-13 18:02:33
356,Joshimath,30.5667,79.5667,71.15,55,56,1.52,IN,2022-06-13 18:02:34
357,Hasaki,35.7333,140.8333,61.29,75,100,14.43,JP,2022-06-13 18:02:34
358,Turukhansk,65.8167,87.9833,57.87,90,96,8.7,RU,2022-06-13 18:02:35
359,Tarsus,36.9188,34.8784,75.58,82,55,7.25,TR,2022-06-13 18:02:35
360,Sinazongwe,-17.2614,27.4618,64.22,56,0,5.03,ZM,2022-06-13 18:02:36
361,Bengkulu,-3.8004,102.2655,75.88,88,97,3.96,ID,2022-06-13 18:02:36
362,Bull Savanna,17.8868,-77.5902,86.0,54,99,23.42,JM,2022-06-13 18:02:36
363,Manta,-0.95,-80.7333,74.37,81,97,10.25,EC,2022-06-13 18:02:37
364,Venice,27.0998,-82.4543,93.15,68,7,5.01,US,2022-06-13 18:02:25
365,Ouadda,8.0777,22.4007,70.38,91,82,3.29,CF,2022-06-13 18:02:38
366,Codrington,-38.2667,141.9667,43.84,83,93,9.22,AU,2022-06-13 18:02:38
367,Ostrovnoy,68.0531,39.5131,50.74,90,100,7.7,RU,2022-06-13 18:02:38
368,Ballina,-28.8667,153.5667,50.02,99,58,4.41,AU,2022-06-13 18:02:39
369,Talas,38.6908,35.5538,61.47,82,40,6.91,TR,2022-06-13 18:03:39
370,Aklavik,68.2191,-135.0107,48.92,54,97,7.38,CA,2022-06-13 18:03:40
371,Lowestoft,52.4752,1.7516,66.34,68,64,8.7,GB,2022-06-13 18:03:40
372,Waterloo,43.4668,-80.5164,76.48,45,66,3.22,CA,2022-06-13 18:02:46
373,Shache,38.4167,77.2406,81.16,26,86,23.13,CN,2022-06-13 18:03:41
374,Piterka,50.6803,47.4454,64.17,60,0,6.33,RU,2022-06-13 18:03:41
375,Seoul,37.5683,126.9778,67.44,63,64,7.65,KR,2022-06-13 18:02:22
376,Floro,61.5996,5.0328,56.23,93,75,11.5,NO,2022-06-13 18:03:42
377,Meulaboh,4.1363,96.1285,76.24,89,93,3.85,ID,2022-06-13 18:03:42
378,Portland,45.5234,-122.6762,59.25,76,59,8.99,US,2022-06-13 18:01:01
379,Waddan,29.1614,16.139,84.56,23,0,8.19,LY,2022-06-13 18:03:43
380,Belmonte,-15.8631,-38.8828,78.58,72,27,11.18,BR,2022-06-13 18:03:43
381,Penzance,50.1186,-5.5371,61.48,65,5,8.79,GB,2022-06-13 18:03:44
382,Filingue,14.3521,3.3168,104.86,18,29,10.65,NE,2022-06-13 18:03:44
383,Port-Gentil,-0.7193,8.7815,80.56,83,40,11.5,GA,2022-06-13 18:03:44
384,Monteagudo,-19.8167,-63.9833,75.15,26,0,5.08,BO,2022-06-13 18:03:45
385,Usinsk,65.9939,57.5281,54.81,37,32,7.0,RU,2022-06-13 18:03:45
386,Kolaras,25.2333,77.6,85.41,54,55,12.26,IN,2022-06-13 18:03:45
387,Hobyo,5.3505,48.5268,79.61,76,92,26.42,SO,2022-06-13 18:03:46
388,Coos Bay,43.3665,-124.2179,58.23,83,75,9.22,US,2022-06-13 18:03:46
389,Dingle,10.9995,122.6711,77.25,87,100,2.57,PH,2022-06-13 18:03:47
390,Sawakin,19.1059,37.3321,91.04,41,3,8.1,SD,2022-06-13 18:03:47
391,Tyup,42.7276,78.3648,56.7,97,100,4.05,KG,2022-06-13 18:03:47
392,Leningradskiy,69.3833,178.4167,33.58,85,100,9.1,RU,2022-06-13 18:03:48
393,Salalah,17.0151,54.0924,86.09,84,75,10.36,OM,2022-06-13 18:03:48
394,Kangaatsiaq,68.3065,-53.4641,33.67,72,91,15.64,GL,2022-06-13 18:03:49
395,Berdigestyakh,62.0989,126.6992,44.26,90,56,5.59,RU,2022-06-13 18:03:49
396,Kashi,39.4547,75.9797,77.27,29,100,12.3,CN,2022-06-13 18:03:49
397,Cangzhou,38.3167,116.8667,69.57,69,78,4.97,CN,2022-06-13 18:03:50
398,Juneau,58.3019,-134.4197,50.85,97,100,8.05,US,2022-06-13 18:03:50
399,Arkhangelsk,64.5401,40.5433,57.31,87,40,6.71,RU,2022-06-13 18:03:51
400,Bonavista,48.6499,-53.1147,46.06,75,64,10.16,CA,2022-06-13 18:03:51
401,Black River,18.0264,-77.8487,90.63,48,100,21.18,JM,2022-06-13 18:03:51
402,Laguna,38.421,-121.4238,77.29,31,0,14.97,US,2022-06-13 18:03:52
403,Poum,-20.2333,164.0167,73.87,91,100,10.74,NC,2022-06-13 18:03:52
404,Wageningen,51.9667,5.6667,66.04,58,16,9.22,NL,2022-06-13 18:00:13
405,Gat,31.61,34.7642,74.39,100,0,7.47,IL,2022-06-13 18:03:53
406,Verkhnevilyuysk,63.4453,120.3167,51.06,97,100,5.88,RU,2022-06-13 18:03:53
407,Vila Do Maio,15.1333,-23.2167,79.59,87,32,17.09,CV,2022-06-13 18:03:53
408,Praia Da Vitoria,38.7333,-27.0667,64.15,78,8,10.94,PT,2022-06-13 18:03:54
409,Zambezi,-13.5432,23.1047,60.96,49,1,3.94,ZM,2022-06-13 18:03:54
410,Sogne,58.0833,7.8167,60.66,71,53,19.66,NO,2022-06-13 18:03:55
411,Douglas,41.3,-96.167,95.61,44,0,13.8,US,2022-06-13 18:02:26
412,Abu Dhabi,24.4667,54.3667,90.97,74,0,14.34,AE,2022-06-13 18:01:33
413,Charlottesville,38.0293,-78.4767,95.02,56,39,1.99,US,2022-06-13 18:00:43
414,Huambo,-12.7761,15.7392,58.32,36,5,0.43,AO,2022-06-13 18:03:55
415,Belaya Gora,68.5333,146.4167,57.45,49,43,15.93,RU,2022-06-13 18:03:56
416,Belebey,54.1167,54.1167,51.1,86,5,4.14,RU,2022-06-13 18:03:56
417,Sol-Iletsk,51.1631,54.9918,60.26,69,98,5.73,RU,2022-06-13 18:04:57
418,Mancio Lima,-7.6142,-72.8958,81.05,40,29,4.54,BR,2022-06-13 18:04:57
419,Palm Coast,29.585,-81.2078,93.29,60,75,8.05,US,2022-06-13 18:04:17
420,Weatherford,32.7593,-97.7972,97.95,38,0,18.14,US,2022-06-13 18:00:44
421,Tlacotepec,20.0667,-97.8667,77.81,52,94,7.9,MX,2022-06-13 18:04:58
422,Vila Franca Do Campo,37.7167,-25.4333,70.2,71,31,11.45,PT,2022-06-13 18:04:58
423,Waimana,-38.15,177.0833,46.04,78,59,8.37,NZ,2022-06-13 18:04:59
424,Xining,36.6167,101.7667,54.34,38,0,2.48,CN,2022-06-13 18:01:58
425,Batamshinskiy,50.5594,58.2747,51.87,87,31,11.63,KZ,2022-06-13 18:04:59
426,Pokhara,28.2333,83.9833,78.89,54,32,5.3,NP,2022-06-13 18:03:02
427,Oksfjord,70.2396,22.3479,51.87,75,59,4.21,NO,2022-06-13 18:05:00
428,Wamba,8.9333,8.6,81.07,66,63,2.68,NG,2022-06-13 18:05:00
429,Hidalgotitlan,17.7833,-94.6333,80.62,71,100,3.15,MX,2022-06-13 18:05:00
430,Merritt,50.1123,-120.7942,49.64,90,100,5.53,CA,2022-06-13 18:00:07
431,Cam Ranh,11.9214,109.1591,82.36,74,20,11.5,VN,2022-06-13 18:05:01
432,Mantenopolis,-18.8625,-41.1228,73.42,68,98,5.86,BR,2022-06-13 18:05:01
433,Leshukonskoye,64.8989,45.7622,58.8,84,100,5.5,RU,2022-06-13 18:05:02
434,Candolim,15.5181,73.7626,81.59,78,91,3.29,IN,2022-06-13 18:05:02
435,Monastyrshchina,54.3496,31.838,59.59,81,64,4.74,RU,2022-06-13 18:05:03
436,Roebourne,-20.7833,117.1333,72.43,61,0,6.71,AU,2022-06-13 18:05:03
437,Marzuq,14.4,46.4667,83.43,35,68,5.28,YE,2022-06-13 18:05:04
438,Berekum,7.4534,-2.584,74.88,90,61,6.29,GH,2022-06-13 18:05:04
439,Vieques,18.425,-65.8329,91.67,58,40,21.85,PR,2022-06-13 18:05:04
440,Gambela,8.25,34.5833,74.91,78,77,4.59,ET,2022-06-13 18:05:05
441,Isangel,-19.55,169.2667,75.79,88,95,5.17,VU,2022-06-13 18:05:05
442,Baculin,7.4525,126.5842,78.03,83,85,6.76,PH,2022-06-13 18:05:06
443,Devarkonda,16.7,78.9333,88.66,43,100,6.44,IN,2022-06-13 18:05:06
444,Geraldton,-28.7667,114.6,59.41,82,100,2.3,AU,2022-06-13 18:05:07
445,Fond Du Lac,43.775,-88.4388,75.78,56,75,9.22,US,2022-06-13 18:00:10
446,Saldanha,-33.0117,17.9442,56.5,88,100,20.18,ZA,2022-06-13 18:05:07
447,Barmer,25.75,71.3833,86.4,57,33,8.77,IN,2022-06-13 18:05:08
448,Oro Valley,32.3909,-110.9665,101.05,22,1,13.0,US,2022-06-13 18:05:08
449,Salamiyah,35.0113,37.0532,68.68,73,0,17.45,SY,2022-06-13 18:05:08
450,Weligama,5.9667,80.4167,79.68,86,44,11.3,LK,2022-06-13 18:05:09
451,Letka,59.6011,49.4232,54.95,67,83,3.29,RU,2022-06-13 18:05:09
452,Mount Isa,-20.7333,139.5,42.57,65,27,4.61,AU,2022-06-13 18:05:10
453,Mocuba,-16.8392,36.9856,64.9,89,57,3.71,MZ,2022-06-13 18:05:10
454,Goleta,36.8181,10.305,86.0,25,0,13.8,TN,2022-06-13 18:05:10
455,Tessalit,20.1986,1.0114,103.53,12,58,4.54,ML,2022-06-13 18:05:11
456,Antibes,43.5624,7.1278,82.15,56,0,5.75,FR,2022-06-13 18:05:11
457,Dera Bugti,29.0307,69.151,90.93,33,13,3.67,PK,2022-06-13 18:05:12
458,Gondar,12.6,37.4667,63.19,79,92,8.9,ET,2022-06-13 18:05:12
459,Ornskoldsvik,63.2909,18.7153,61.36,58,98,3.51,SE,2022-06-13 18:05:12
460,Xuchang,34.0167,113.8167,71.74,56,14,8.34,CN,2022-06-13 18:05:13
461,Nara,34.6851,135.8049,70.92,61,100,9.13,JP,2022-06-13 18:00:14
462,Smithers,54.7804,-127.1743,56.8,48,36,4.07,CA,2022-06-13 18:03:55
463,Nhulunbuy,-12.2333,136.7667,75.81,78,40,8.05,AU,2022-06-13 18:01:21
464,Okhotsk,59.3833,143.3,42.24,94,100,14.7,RU,2022-06-13 18:06:13
465,Noumea,-22.2763,166.4572,73.99,99,100,8.97,NC,2022-06-13 18:06:14
466,Bayir,37.2687,28.2167,77.52,60,75,5.03,TR,2022-06-13 18:06:14
467,Presque Isle,46.6811,-68.0159,63.28,90,100,10.36,US,2022-06-13 18:06:15
468,Waipawa,-41.4122,175.5153,44.65,77,32,11.56,NZ,2022-06-13 18:06:15
469,Surt,31.2089,16.5887,74.7,75,0,9.89,LY,2022-06-13 18:06:15
470,Araouane,18.9048,-3.5265,103.75,18,25,2.28,ML,2022-06-13 18:06:16
471,Chicama,-7.8447,-79.1469,61.34,59,40,8.79,PE,2022-06-13 18:06:16
472,Fairview,40.8126,-73.999,86.56,61,100,9.22,US,2022-06-13 18:06:17
473,Beringovskiy,63.05,179.3167,38.53,88,93,6.44,RU,2022-06-13 18:06:17
474,Dhidhdhoo,6.8833,73.1,83.28,74,47,11.32,MV,2022-06-13 18:06:17
475,Oliveira Dos Brejinhos,-12.3169,-42.8961,93.72,24,17,3.18,BR,2022-06-13 18:06:18
476,Mastic Beach,40.7668,-72.8521,84.78,80,20,10.36,US,2022-06-13 18:06:18
477,Pangnirtung,66.1451,-65.7125,33.69,92,83,3.58,CA,2022-06-13 18:06:19
478,Kiruna,67.8557,20.2251,50.92,87,75,3.44,SE,2022-06-13 18:06:19
479,Maldonado,-34.6667,-54.9167,60.22,45,23,4.05,UY,2022-06-13 18:06:20
480,Kyritz,52.9421,12.397,64.81,58,51,10.67,DE,2022-06-13 18:06:20
481,Piacabucu,-10.4056,-36.4344,79.59,77,35,7.23,BR,2022-06-13 18:06:20
482,Alanya,36.5438,31.9998,73.53,80,8,4.97,TR,2022-06-13 18:06:21
483,Mujiayingzi,42.1167,118.7833,58.41,70,32,5.35,CN,2022-06-13 18:06:21
484,Whitecourt,54.1502,-115.6855,64.71,48,96,3.44,CA,2022-06-13 18:04:58
485,Inverell,-29.7833,151.1167,42.15,92,0,1.01,AU,2022-06-13 18:06:22
486,Barabai,-2.5833,115.3833,72.81,98,83,1.74,ID,2022-06-13 18:06:22
487,Oktyabrskiy,54.4815,53.471,52.45,81,1,3.15,RU,2022-06-13 18:06:22
488,Jackson,42.4165,-122.8345,59.04,61,100,9.22,US,2022-06-13 18:03:20
489,Qui Nhon,13.7667,109.2333,80.22,78,61,5.08,VN,2022-06-13 18:06:23
490,Nador,35.174,-2.9287,77.25,73,20,3.44,MA,2022-06-13 18:06:23
491,Zhigansk,66.7697,123.3711,46.11,92,11,1.88,RU,2022-06-13 18:06:24
492,Singaparna,-7.3515,108.111,71.29,95,100,2.1,ID,2022-06-13 18:06:24
493,Outjo,-20.1167,16.15,62.19,40,0,8.79,NA,2022-06-13 18:06:24
494,Windhoek,-22.5594,17.0832,54.45,46,0,9.98,NA,2022-06-13 18:06:25
495,Ostersund,63.1792,14.6357,58.6,62,40,13.8,SE,2022-06-13 18:06:25
496,El Tigre,8.8875,-64.2454,72.86,84,100,3.56,VE,2022-06-13 18:06:26
497,Lethem,3.3803,-59.7968,84.4,67,57,1.63,GY,2022-06-13 18:06:26
498,Varkaus,62.3153,27.873,61.3,60,59,6.93,FI,2022-06-13 18:06:27
499,Baruun-Urt,46.6806,113.2792,53.73,77,47,6.87,MN,2022-06-13 18:06:27
500,Naryan-Mar,67.6713,53.087,59.27,39,100,13.38,RU,2022-06-13 18:06:28
501,Hami,42.8,93.45,86.31,6,1,8.5,CN,2022-06-13 18:06:28
502,Udayagiri,20.1333,84.3833,75.43,72,87,3.83,IN,2022-06-13 18:06:28
503,Ngawen,-7.0032,111.3129,75.27,94,100,4.52,ID,2022-06-13 18:06:29
504,Gravdal,68.1214,13.5031,49.89,100,75,6.91,NO,2022-06-13 18:06:29
505,Awbari,26.5921,12.7805,90.18,17,35,11.45,LY,2022-06-13 18:06:30
506,Isakly,54.1333,51.5333,56.89,87,28,2.93,RU,2022-06-13 18:06:30
507,Seymchan,62.8833,152.4333,44.2,73,0,4.34,RU,2022-06-13 18:06:31
508,Nouadhibou,20.931,-17.0347,66.88,87,0,27.42,MR,2022-06-13 18:07:31
509,Rongcheng,30.634,117.8517,69.69,90,99,3.11,CN,2022-06-13 18:07:32
510,Adrar,20.5022,-10.0711,99.12,18,28,13.71,MR,2022-06-13 18:07:33
511,Puerto Madero,14.7208,-92.4215,86.2,79,75,6.91,MX,2022-06-13 18:07:33
512,El Alto,-4.2714,-81.2147,71.26,71,72,14.65,PE,2022-06-13 18:07:34
513,Kaeo,-35.1,173.7833,52.32,90,24,8.19,NZ,2022-06-13 18:07:34
514,Bograd,54.2344,90.8328,63.72,78,97,5.7,RU,2022-06-13 18:07:35
515,Mantua,45.1667,10.7833,85.24,60,9,3.0,IT,2022-06-13 18:02:36
516,Shimanovsk,52.0,127.7,59.59,98,100,6.44,RU,2022-06-13 18:07:35
517,Lishu,43.3047,124.3278,62.22,87,99,5.03,CN,2022-06-13 18:07:35
518,Mnogovershinnyy,53.9353,139.9242,51.67,89,91,2.62,RU,2022-06-13 18:07:36
519,Huarmey,-10.0681,-78.1522,68.61,70,64,9.73,PE,2022-06-13 18:07:36
520,Port Keats,-14.25,129.55,65.03,31,14,8.59,AU,2022-06-13 18:07:37
521,Reconquista,-29.15,-59.65,65.21,35,0,9.26,AR,2022-06-13 18:07:37
522,Mao,39.8885,4.2658,79.36,61,0,6.91,ES,2022-06-13 18:07:38
523,Kavaratti,10.5669,72.642,83.93,73,97,13.0,IN,2022-06-13 18:07:38
524,Curumani,9.1999,-73.5427,92.82,47,46,4.07,CO,2022-06-13 18:07:38
525,Clyde River,70.4692,-68.5914,36.68,69,86,4.45,CA,2022-06-13 18:07:39
526,Caravelas,-17.7125,-39.2481,72.82,78,100,12.84,BR,2022-06-13 18:07:39
527,Camacha,33.0833,-16.3333,65.62,73,75,4.61,PT,2022-06-13 18:07:40
528,Bilma,18.6853,12.9164,101.16,8,3,8.95,NE,2022-06-13 18:07:40
529,Acari,-15.4311,-74.6158,75.92,47,26,8.41,PE,2022-06-13 18:07:40
530,Buchanan,5.8808,-10.0467,80.1,74,75,11.72,LR,2022-06-13 18:07:41
531,Two Rivers,44.1539,-87.5693,69.39,87,0,9.22,US,2022-06-13 18:07:41
532,Paldiski,59.3567,24.0531,61.05,63,40,9.22,EE,2022-06-13 18:07:42
533,Teguise,29.0605,-13.564,73.62,65,20,12.66,ES,2022-06-13 18:07:42
534,Brae,60.3964,-1.353,51.26,92,100,18.21,GB,2022-06-13 18:07:42
535,Comodoro Rivadavia,-45.8667,-67.5,60.66,41,0,8.05,AR,2022-06-13 18:07:43
536,Mahajanga,-15.7167,46.3167,75.51,55,9,6.64,MG,2022-06-13 18:07:43
537,Jacareacanga,-6.2222,-57.7528,83.88,61,96,4.41,BR,2022-06-13 18:07:44
538,Jiangyou,31.7667,104.7167,68.13,66,100,5.1,CN,2022-06-13 18:07:44
539,Shenjiamen,29.9576,122.298,69.73,92,100,5.41,CN,2022-06-13 18:07:44
540,Vila,42.0304,-8.1588,78.69,52,32,5.23,PT,2022-06-13 18:07:45
541,Ohara,35.25,140.3833,63.99,77,100,12.84,JP,2022-06-13 18:07:45
542,Port Augusta,-32.5,137.7667,49.55,70,10,14.58,AU,2022-06-13 18:06:21
543,Barsovo,61.1667,73.1667,55.53,88,99,7.18,RU,2022-06-13 18:07:46
544,Vostok,46.4856,135.8833,47.62,87,30,4.0,RU,2022-06-13 18:07:46
545,Sunrise Manor,36.2111,-115.0731,94.89,23,0,17.27,US,2022-06-13 18:07:47
546,Marawi,7.9986,124.2928,67.37,95,96,2.57,PH,2022-06-13 18:07:47
547,Aksum,14.1245,38.7244,72.45,26,99,6.69,ET,2022-06-13 18:07:48
548,Banda Aceh,5.5577,95.3222,79.77,82,93,8.79,ID,2022-06-13 18:07:48
549,Great Falls,47.5002,-111.3008,64.85,39,75,18.41,US,2022-06-13 18:05:17
550,Ellensburg,46.9965,-120.5479,62.58,59,75,29.93,US,2022-06-13 18:08:49
551,Lewiston,44.1003,-70.2148,80.06,67,40,4.61,US,2022-06-13 18:08:49
552,Cap Malheureux,-19.9842,57.6142,73.47,66,52,8.99,MU,2022-06-13 18:08:50
553,Westport,41.1415,-73.3579,84.56,60,20,10.36,US,2022-06-13 18:08:50
554,Palu,-0.8917,119.8707,74.79,96,98,2.82,ID,2022-06-13 18:08:50
555,Virden,39.5009,-89.7679,94.05,66,50,14.65,US,2022-06-13 18:08:51
556,Nuuk,64.1835,-51.7216,36.21,75,75,13.8,GL,2022-06-13 18:07:15
557,San Antonio,29.4241,-98.4936,99.52,33,40,18.41,US,2022-06-13 18:07:44
558,Inhambane,-23.865,35.3833,68.97,79,0,8.28,MZ,2022-06-13 18:08:51
559,Kokkola,63.8385,23.1307,62.76,72,99,6.91,FI,2022-06-13 18:08:52
560,Angoche,-16.2325,39.9086,72.19,82,27,7.38,MZ,2022-06-13 18:08:52
561,Beloha,-25.1667,45.05,63.81,68,0,8.25,MG,2022-06-13 18:08:52
562,Saint-Pierre,-21.3393,55.4781,71.91,83,0,6.91,RE,2022-06-13 18:08:53
563,Qaqortoq,60.7167,-46.0333,46.06,47,1,13.09,GL,2022-06-13 18:08:53
564,Cesvaine,56.9667,26.3167,57.65,82,81,3.6,LV,2022-06-13 18:08:54
565,Saint Anthony,45.0205,-93.218,73.33,87,0,10.36,US,2022-06-13 18:08:54
566,Neuquen,-38.9516,-68.0591,62.73,15,100,4.81,AR,2022-06-13 18:06:34
